<PAMDataset>
  <PAMRasterBand band="1">
    <Histograms>
      <HistItem>
        <HistMin>0.5555555555555556</HistMin>
        <HistMax>9.444444444444445</HistMax>
        <BucketCount>9</BucketCount>
        <IncludeOutOfRange>0</IncludeOutOfRange>
        <Approximate>0</Approximate>
        <HistCounts>12737|4326|44226|1451|9172|14957|49207|32889|8866</HistCounts>
      </HistItem>
    </Histograms>
    <Metadata>
      <MDI key="STATISTICS_MAXIMUM">9</MDI>
      <MDI key="STATISTICS_MEAN">5.526752928342</MDI>
      <MDI key="STATISTICS_MINIMUM">1</MDI>
      <MDI key="STATISTICS_STDDEV">2.396569566342</MDI>
      <MDI key="STATISTICS_VALID_PERCENT">40.16</MDI>
    </Metadata>
  </PAMRasterBand>
</PAMDataset>
